Country,1990_immigrants,1995_immigrants,2000_immigrants,2005_immigrants,2010_immigrants,2015_immigrants,2020_immigrants,1990_emigrants,1995_emigrants,2000_emigrants,2005_emigrants,2010_emigrants,2015_emigrants,2020_emigrants,1990_efScore,1995_efScore,2000_efScore,2005_efScore,2010_efScore,2015_efScore,2020_efScore
Afghanistan,0.46474826,0.39491653,0.3653376,0.34034875,0.35043415,0.9863309,0.3701622,61.87069,24.002707,22.861822,16.046991,18.055254,15.694132,15.037472,,,,,,,
Africa,2.4890416,2.2804627,1.8559766,1.7508063,1.713327,1.9333594,1.8938907,3.2714324,3.1147811,2.7226179,2.755148,2.808981,2.9694526,3.0260496,,,,,,,
Albania,2.008874,2.2921865,2.4509099,2.0972784,1.7904844,1.8000542,1.6960872,5.4838758,16.096317,26.346346,31.295479,37.921608,39.53761,43.45163,5.22,5.69,6.35,7.14,7.35,7.64,7.57
Algeria,1.0635326,0.9111688,0.80570865,0.5964696,0.6039005,0.6027811,0.5709739,3.578049,3.4065242,3.3437827,4.825522,4.6008377,4.622687,4.611833,3.61,3.96,4.88,5.37,4.99,4.68,4.92
American Samoa,44.947308,43.451595,43.088417,40.68875,41.9995,42.13346,42.77044,4.310363,4.9625645,5.5105853,4.345417,3.8460166,3.5139592,3.319021,,,,,,,
Andorra,71.34916,69.223305,64.45481,63.772488,61.634735,54.18948,58.984016,6.861378,6.486063,8.525768,7.261224,9.3648615,11.206135,14.407558,,,,,,,
Angola,0.28288242,0.285496,0.2812239,0.32073826,1.4401586,2.2671402,1.9972879,6.9620123,4.937762,5.5698657,3.6882815,2.7889028,2.2173274,2.0326798,,,4.17,3.72,4.86,5.25,5.31
Anguilla,28.895885,33.6137,36.12519,37.64668,37.980053,38.315006,38.09492,20.598156,21.949736,22.29928,19.490435,16.917238,17.879402,16.697773,,,,,,,
Antigua and Barbuda,19.236244,25.556267,30.353783,30.371216,30.003408,30.011435,30.007761,34.193146,39.26637,43.130238,44.680958,46.969215,55.77476,67.96932,,,,,,,
Argentina,5.058208,4.5798244,4.1773415,4.304544,4.4160013,4.843368,5.0485425,1.3187395,1.3838454,1.5067263,2.0705333,2.2951994,2.191141,2.3810809,4.51,6.49,7.15,6.03,5.63,4.95,4.5
Armenia,18.619516,21.570522,21.432781,15.737932,7.338337,6.535469,6.4236913,25.42782,28.03112,28.575348,30.210295,31.871496,32.28511,32.335957,,,5.55,7.3,7.27,7.43,7.55
Aruba,23.2398,27.730192,33.130104,32.53089,33.7658,34.61218,50.196693,9.47194,8.347444,8.432198,9.479345,13.302513,15.929806,20.096285,,,,,,,
Asia,1.494373,1.3288546,1.3115085,1.3386116,1.5707843,1.7411002,1.8448069,1.7655069,1.6932851,1.7462982,1.8302234,2.0933654,2.3317602,2.4759777,,,,,,,
Australia,23.320005,23.082926,23.09594,24.174341,26.55411,28.119629,30.140768,1.774778,1.8969069,2.0105696,2.124876,2.1979501,2.165081,2.348109,8.07,8.07,8.2,8.21,8.17,8.24,8.07
Australia and New Zealand,21.972147,21.884539,22.166164,23.517342,25.751133,27.216375,29.904194,3.3844373,3.4993224,3.8146336,4.0482197,4.3328032,4.4004655,4.6333313,,,,,,,
Austria,10.269856,11.200005,12.349894,13.656542,15.159445,17.089294,19.299421,6.5408726,6.1331425,5.9248314,5.977339,6.1522517,5.936787,6.6701455,7.4,7.44,8.01,7.91,7.85,7.95,7.58
Azerbaijan,4.9787664,4.4251,4.0323815,3.5349314,3.0656195,2.7472317,2.487658,22.562635,22.02086,20.074364,17.04235,12.852118,11.746632,11.479455,,,5.62,5.78,5.4,6.0,6.16
Bahamas,10.480941,11.297777,12.231039,14.016093,15.423907,15.831373,16.168676,9.810442,10.562533,11.508664,10.686537,10.139856,11.481828,13.679154,,,,,,,
Bahrain,34.926914,36.540665,36.01526,45.43832,53.704998,52.665047,55.013126,2.5844529,4.6148825,7.1825585,5.829679,4.209567,4.1346264,3.4244583,6.66,7.02,7.25,7.18,7.06,7.17,7.44
Bangladesh,0.8545122,0.81161374,0.77382857,0.7640279,0.9117683,0.9101579,1.2844836,5.2828727,4.7091527,4.2622476,3.9504113,4.282468,4.371845,4.4943776,4.0,4.85,5.8,5.69,5.88,5.78,5.71
Barbados,9.206962,9.860314,10.468821,11.082803,11.634666,12.082628,12.133792,32.485733,33.694424,34.98864,33.647583,34.095154,35.70605,34.662857,6.13,6.65,6.51,6.32,6.49,6.63,6.76
Belarus,12.303816,11.771466,11.381965,11.576787,11.57443,11.472151,11.292769,17.412832,17.231205,17.075651,16.535728,15.547902,15.571734,15.700873,,,4.1,4.87,5.78,4.93,6.39
Belgium,12.797454,12.644459,12.335755,11.839828,13.747531,15.799954,17.304102,3.6373193,3.6788025,3.8792279,4.15005,4.424936,4.5694203,4.9825897,7.51,7.62,7.84,7.59,7.57,7.72,7.4
Belize,16.210798,16.160454,14.753953,14.601231,14.386058,15.13191,15.603552,19.248323,20.26942,19.494158,18.281666,17.791388,17.48253,13.267911,,6.75,6.06,6.91,6.28,6.27,6.02
Benin,1.5416524,1.789892,1.961201,3.1109128,3.361414,3.4633634,3.2522442,4.7065287,4.668421,4.7778707,6.3160977,5.882564,6.0034537,5.624151,5.59,5.22,5.74,5.7,5.8,5.79,6.23
Bermuda,25.447023,26.286669,27.19904,27.328705,28.364532,30.162493,31.697525,116.30862,67.13063,21.654337,22.497736,23.41867,25.472958,33.894306,,,,,,,
Bhutan,4.4851084,5.2320395,5.437604,6.2087665,7.0634365,7.021164,6.9480515,5.361896,22.065207,20.335052,18.546452,13.411193,7.0603185,6.738879,,,5.79,6.2,6.35,6.85,6.57
Bolivia,1.0744317,1.0967507,1.1006775,1.1670438,1.2225189,1.3156534,1.4059846,3.2730994,3.719858,4.0946894,5.889821,7.76189,7.580757,7.943474,5.47,6.33,6.7,6.37,6.14,5.92,6.03
Bonaire Sint Eustatius and Saba,100.0,100.0,100.0,100.0,100.0,100.0,100.0,3.4204457,3.5759223,4.4971156,5.22953,33.737644,29.689472,31.07433,,,,,,,
Bosnia and Herzegovina,1.2546427,1.8144453,2.2113597,1.2558521,1.0510114,1.1254864,1.0985684,19.30716,35.84509,39.899246,39.86464,42.44864,46.46433,51.43963,,,4.42,6.25,6.34,6.8,6.67
Botswana,2.1379344,2.734055,4.5598793,4.705802,4.7739277,4.8593493,4.689013,2.0243154,1.5869472,1.6237123,1.849893,2.2268062,2.607327,2.7028544,5.22,5.54,6.31,6.56,6.41,6.8,6.77
Brazil,0.53590584,0.45769504,0.39166695,0.3430892,0.30280977,0.3473849,0.50795585,0.329764,0.450865,0.53804916,0.641806,0.76407754,0.7356669,0.8925166,4.19,4.37,5.72,6.45,6.54,6.25,6.41
British Virgin Islands,45.943165,52.03294,63.79166,64.98745,61.4333,67.020035,73.30093,17.69112,17.44445,18.131247,17.346144,17.703987,17.558666,17.71009,,,,,,,
Brunei,28.29379,28.523924,28.903309,26.961864,25.882193,24.76007,25.591623,10.174556,11.797571,13.579417,12.410986,11.460912,10.872132,10.3638315,,,,,,,
Bulgaria,0.24328545,0.3870846,0.5421389,0.79451394,1.0274328,1.7195485,2.6532986,6.932787,7.7504044,8.61073,11.809877,14.902105,16.384275,24.222313,4.15,4.74,5.59,7.03,7.35,7.48,7.51
Burkina Faso,3.9683428,4.599698,4.4828153,4.452845,4.321877,3.8909554,3.4635189,11.591501,12.04836,11.021876,10.075239,9.192621,8.384961,7.6511784,,,5.1,5.48,5.66,5.91,6.12
Burundi,6.1245174,4.2567415,1.9694394,2.6174846,2.8507633,2.936004,2.899448,6.1978774,9.028796,11.893531,8.417217,3.2744455,4.527337,4.634725,5.03,4.24,4.64,4.93,4.68,5.66,5.42
Cambodia,0.42754817,0.86551,1.2018273,0.8595867,0.57313323,0.47651523,0.4745567,3.9599373,3.9246182,3.7812576,5.0811267,6.659065,6.9231486,6.6081758,,,6.56,7.06,6.52,6.95,6.81
Cameroon,2.257768,1.7999359,1.4647597,1.4971911,1.4329218,2.1818945,2.1819181,0.983312,1.0215894,1.0590215,1.2475436,1.3710966,1.4978468,1.6613322,5.0,4.94,5.29,5.48,5.77,5.62,5.66
Canada,15.733877,16.680676,18.019634,18.899782,19.800024,20.619884,21.32714,3.6100445,3.6493604,3.7355397,3.6846924,3.7134624,3.5072687,3.4240994,8.06,7.99,8.37,8.35,8.07,8.2,7.86
Cape Verde,2.6426752,2.5833058,2.5753307,2.7427793,2.9175227,2.8440752,2.8396297,27.034233,27.687632,29.152128,30.66384,31.029099,32.669323,33.734184,,,,,,,
Caribbean,3.027415,3.1014802,3.1937153,3.2097256,3.248373,3.5218225,3.6872513,12.155003,13.925744,15.659215,16.370714,17.646704,19.08698,20.855219,,,,,,,
Cayman Islands,36.808,39.383102,45.327976,41.978443,42.45836,42.437744,44.494827,1.4067254,2.4688287,3.0209196,2.6187043,2.477414,2.7689116,2.9032257,,,,,,,
Central African Republic,2.3954482,3.094088,3.3932614,2.3873186,2.1584244,1.8153771,1.83334,1.6515245,1.5268433,1.5222416,3.2540276,5.6062493,15.272599,16.909065,4.27,4.05,4.59,4.58,4.97,4.27,4.88
Central America,1.6139101,1.042856,0.81847304,0.9441835,1.1111196,1.1010501,1.281237,6.0176516,7.4573956,9.036721,9.5776615,10.282578,9.642677,9.01595,,,,,,,
Central Asia,13.228849,11.105682,9.375738,8.957889,8.38298,7.874989,7.484695,11.411734,11.585404,11.676296,11.837316,11.515461,10.847011,10.540243,,,,,,,
Central and Southern Asia,2.1103995,1.5439487,1.3320736,1.1447297,1.1083261,1.0159779,0.96428716,2.5084205,2.1123376,2.0436127,2.0246627,2.3140306,2.4511132,2.5427773,,,,,,,
Chad,1.2466692,1.2779168,1.2545397,3.4875994,3.489201,3.309255,3.3331225,5.6478934,3.182467,2.4660187,2.0864487,1.6936139,1.3554631,1.3533721,4.89,4.79,5.16,4.83,4.82,5.06,5.26
Channel Islands,43.830902,42.179398,43.31813,46.772026,48.57374,49.766304,48.365055,13.311344,10.890717,8.639913,9.76766,9.829199,9.957857,9.868917,,,,,,,
Chile,0.80982375,0.99032295,1.1558334,1.7077483,2.2000723,3.5600832,8.605341,3.7140505,3.4713283,3.3371487,3.3476772,3.3514488,3.439272,3.3678226,7.0,7.59,7.68,8.05,8.08,8.0,7.64
China,0.031979457,0.035634674,0.03936567,0.051018864,0.06208755,0.069520384,0.07223357,0.3595619,0.40537012,0.4560006,0.55134815,0.63665843,0.7279264,0.72681147,4.21,4.96,5.73,5.69,5.87,6.07,6.16
Colombia,0.3150118,0.29362652,0.2765811,0.24977413,0.28814954,0.33544773,3.744664,3.0485487,3.3386025,3.6183226,4.4173603,5.6476507,5.6789775,5.943596,5.35,6.0,5.96,6.5,6.62,6.57,6.51
Comoros,3.4205706,2.9320943,2.5442605,2.1596568,1.8295017,1.614926,1.4369907,9.737413,10.788945,12.999164,15.719273,15.822188,15.660345,17.344051,,,,,,,5.73
Congo,5.4902534,7.077848,9.780586,8.797786,9.948504,8.034072,7.024276,4.0891232,4.2724147,4.3241715,4.76458,4.1675696,4.2179794,4.055152,,,,,,,
Cook Islands,14.218192,14.059147,15.528296,17.18406,20.492605,23.70741,26.070372,96.09783,89.02905,108.603294,102.67436,111.76598,122.60395,120.16625,,,,,,,
Costa Rica,13.387933,10.27456,7.847477,8.36303,8.864892,8.492441,10.22217,2.2210104,2.3968248,2.655659,2.7445548,2.8906767,2.851538,2.949306,7.04,7.42,7.68,7.36,7.33,7.7,7.62
Cote d'Ivoire,15.232246,14.622741,13.149126,12.340779,11.525561,10.637205,9.723369,3.0720327,3.1655326,3.2770898,3.987913,4.5770106,4.548236,4.356987,,,,,,,
Croatia,9.95396,14.600815,13.217888,13.231254,13.244603,13.255604,12.862887,8.90936,15.924858,20.48364,19.165632,18.955086,19.047153,25.321756,,4.39,5.83,6.41,6.78,7.28,7.05
Cuba,0.32608327,0.24050705,0.16667531,0.103830844,0.065678865,0.04105158,0.026698178,7.88125,8.5796,9.417124,10.3032465,11.711728,13.296747,15.514784,,,,,,,
Curacao,,,,,23.212322,23.528933,34.86289,1.4344249,1.9801222,2.859694,3.5485952,30.329515,3.903034,4.6380253,,,,,,,
Cyprus,5.714073,7.24125,8.48903,11.954281,16.939522,15.219206,15.767116,22.745415,19.087763,16.279333,14.982918,14.692478,14.348566,14.346166,6.19,6.61,6.67,7.74,7.74,7.9,7.48
Czechia,1.0675497,1.5986577,2.1457963,3.144227,3.7820194,3.928296,5.0510964,5.461297,5.988363,7.029903,7.331311,7.3974943,7.7327223,9.581751,,6.46,7.11,7.51,7.69,7.96,7.71
Democratic Republic of Congo,2.1789942,4.370196,1.580244,1.1371704,0.9136413,1.0623949,1.0639304,1.26116,1.3464999,1.8300049,2.0641663,2.0112555,2.0620785,2.045601,,,,,,,
Denmark,4.5746675,5.7925634,6.9465017,8.122599,9.015042,10.47474,12.388619,3.919654,3.969397,4.0770116,4.1400657,4.2040925,4.1632047,4.437431,7.84,7.78,8.25,8.12,7.99,8.2,8.15
Developed regions,7.2253737,7.946692,8.748364,9.649099,10.573833,11.17237,12.350029,4.524304,4.5313835,4.5826454,4.6767397,4.906767,4.982644,5.483008,,,,,,,
Djibouti,20.701633,15.827471,14.006441,11.760004,12.176593,12.292259,12.119206,0.89906216,1.1047217,1.2618854,1.5304221,1.6421208,1.8565687,1.8588018,,,,,,,6.43
Dominica,3.5770073,4.3892837,5.345298,6.721451,11.442358,11.370565,11.506994,57.5999,62.17565,69.31084,90.72967,103.81789,101.981026,108.61219,,,,,,,
Dominican Republic,4.0814657,4.1357093,4.1978245,4.1267033,4.0791564,5.3424077,5.565997,6.420713,8.530434,10.499559,11.14698,12.216634,14.14752,14.828366,3.93,5.54,6.56,6.48,7.26,7.42,7.21
East Timor,1.213585,1.1539286,1.1988249,1.1341232,1.0553105,0.7121995,0.6370398,1.5262654,9.36242,16.773485,9.542572,3.2040656,3.1200526,3.002635,,,,,,,
Eastern Africa,3.0223827,2.222815,1.883449,1.6222513,1.3979981,1.718608,1.7249,3.9482715,3.454038,2.3625076,2.0979178,2.2174466,2.5211737,2.7003007,,,,,,,
Eastern Asia,0.28415754,0.31680056,0.35485396,0.39820448,0.44007137,0.47816312,0.53487784,0.5059103,0.55761796,0.615397,0.7045153,0.80152154,0.87635946,0.88314736,,,,,,,
Eastern Europe,7.0996447,6.8977704,6.7241025,6.6368136,6.480992,6.7373004,7.1107383,7.9983797,7.8105507,7.8378468,8.589828,9.352553,9.790598,10.987338,,,,,,,
Eastern and South-Eastern Asia,0.37196025,0.42763412,0.51380414,0.61068374,0.7157969,0.7908705,0.834833,0.8039192,0.91584146,1.0485606,1.2024844,1.4068995,1.5444506,1.6363653,,,,,,,
Ecuador,0.7688743,1.0047224,1.1948705,1.3734646,2.4998345,2.3902817,4.4481344,2.0917745,2.8478756,3.5200353,7.135907,7.6802893,6.9749103,6.392831,5.53,6.44,5.95,5.93,6.06,6.2,6.3
Egypt,0.30967242,0.26783928,0.2684437,0.37737355,0.374592,0.3825522,0.53152895,2.3549075,2.3935628,2.48185,2.3938763,3.125428,3.4086783,3.5281007,,,,,,,
El Salvador,0.8986591,0.7024302,0.53861034,0.59531164,0.6523739,0.6649517,0.6593536,23.564165,16.577883,16.118431,18.485956,21.622116,23.91883,24.653229,5.18,6.86,7.65,7.49,7.4,7.36,7.13
Equatorial Guinea,0.6536447,0.7305221,0.7451582,0.87895435,0.9175109,17.937317,16.437666,8.62978,9.342792,9.886502,9.577908,8.943029,10.007659,9.178573,,,,,,,
Eritrea,0.52456135,0.5625555,0.56499416,0.5626796,0.49876404,0.4768731,0.3929025,7.553321,17.024426,22.312994,10.588883,10.357121,18.68953,22.63749,,,,,,,
Estonia,24.404919,22.034143,17.83361,17.239037,16.356844,14.799632,15.022325,7.274256,9.042823,10.136508,11.072253,11.533117,14.377305,15.5767,4.81,6.27,7.78,8.07,8.08,8.15,7.98
Eswatini,9.1183,3.7932277,3.3899856,3.240133,3.0649645,2.9303339,2.8321857,4.2774825,3.2735026,3.3931682,4.353007,6.4826584,4.1878996,4.3130975,,,7.05,6.67,5.28,5.52,5.2
Ethiopia,2.412699,1.4144323,0.9231948,0.67383873,0.64895964,1.1520175,0.94422686,3.5289547,1.431113,0.67329144,0.68639594,0.77623266,0.8355157,0.8229815,,,4.6,5.09,5.14,5.07,5.24
Europe,6.8818264,7.3576665,7.8365602,8.71888,9.5907,10.060989,11.597363,6.6213107,6.6900105,6.8537297,7.0393305,7.429432,7.614167,8.463163,,,,,,,
Europe and Northern America,7.716896,8.500753,9.365311,10.311508,11.262169,11.852923,13.024104,5.0499907,5.0499063,5.0942655,5.191216,5.434943,5.5079494,6.054749,,,,,,,
Falkland Islands,43.18182,34.706116,36.88213,39.525425,49.483116,55.394924,56.187195,12.878788,30.387846,43.62254,37.118645,40.45486,48.307476,43.58312,,,,,,,
Faroe Islands,9.063796,6.3561645,7.687535,9.601727,10.6604185,11.414004,13.940448,15.90236,21.924383,26.55227,26.154911,25.864485,27.899282,26.454517,,,,,,,
Fiji,1.8231479,1.6766225,1.5682894,1.5133774,1.5534719,1.583064,1.5714312,12.374978,13.732803,16.264637,19.114393,21.354221,24.011087,26.087074,5.84,6.55,6.1,6.36,6.18,6.11,5.75
Finland,1.2660571,1.948208,2.6253707,3.6541443,4.25811,5.744365,6.9675446,5.0159917,5.6388807,6.088355,5.7152658,5.439708,5.148995,5.629036,7.82,7.83,8.22,8.13,8.05,8.01,7.76
France,10.406906,10.5325165,10.6391735,11.023537,11.625381,12.223348,13.060238,2.1455874,2.3412678,2.6355817,2.8226643,3.112011,3.2880697,3.5878382,7.08,7.12,7.67,7.63,7.71,7.75,7.36
French Guiana,54.940235,51.041485,46.976948,42.60074,41.32603,40.65316,39.92507,2.4528432,2.3442504,2.230898,1.8721701,1.6910162,1.7305983,1.5384254,,,,,,,
French Polynesia,12.921073,13.005356,12.601327,12.476234,11.874693,11.005459,10.708641,1.5667363,1.7141757,1.7865973,1.0499266,0.5817248,0.7242265,0.767878,,,,,,,
Gabon,13.500679,15.800437,17.456705,16.815216,16.675163,19.442827,18.719763,1.6163363,1.5309446,1.4687074,2.9741468,2.2739952,2.2115943,2.1742098,5.03,4.76,5.1,5.15,4.89,5.1,5.32
Gambia,12.361199,13.369934,13.850868,11.779082,10.363434,9.230725,8.923831,3.7965875,3.401097,3.4474254,3.9649682,4.318539,4.648586,5.76042,,,,,,,
Georgia,5.6274953,3.05923,1.7449287,1.6934282,1.7827833,1.9056056,1.9895843,16.9939,19.156586,22.168299,21.03301,19.651625,20.598757,21.58534,,,6.57,7.29,7.21,7.91,7.55
Germany,7.5090218,9.199569,11.0473385,11.52222,12.139833,12.496322,18.81322,3.7056298,3.7532713,3.9744618,4.2191386,4.5735188,4.4386754,4.60144,8.02,7.93,8.13,8.01,7.93,8.13,7.74
Ghana,1.1158732,1.4862945,0.9938404,1.4207518,1.3630801,1.4892491,1.5332052,2.5123544,2.5158665,2.5721815,3.0517614,3.0751166,3.2038727,3.2321494,4.42,5.29,5.43,6.2,6.55,6.19,6.32
Gibraltar,29.877525,29.214306,25.912937,27.725603,30.873901,32.792957,33.21362,41.130054,35.310932,27.190245,29.025946,30.361769,35.315037,39.74058,,,,,,,
Greece,6.044784,7.9833403,10.031174,10.607823,12.134393,11.659987,12.860489,9.995364,9.345315,8.867315,7.729483,7.250947,7.6936135,10.443262,6.17,6.47,7.2,7.16,7.05,6.64,6.69
Greenland,16.693043,12.759362,11.7503605,11.512054,10.754264,10.658413,10.390685,17.092295,20.356565,23.831818,25.668581,27.174335,29.640995,31.469738,,,,,,,
Grenada,4.4255047,5.528189,6.6367164,6.5948133,6.570834,6.4386926,6.410473,44.88518,53.920784,62.031178,61.76881,60.18244,63.004665,55.283108,,,,,,,
Guadeloupe,16.941254,18.469229,19.710554,22.105818,23.380526,22.72423,22.544342,1.4810494,1.67141,1.836284,2.2116985,2.6544487,2.9963024,3.1345048,,,,,,,
Guam,53.4603,49.404022,47.68772,47.18445,47.30085,47.011757,47.677788,1.0538014,1.1088287,1.8007636,1.6003181,1.3854829,1.317261,1.3111509,,,,,,,
Guatemala,2.8525705,1.5005833,0.41301224,0.43688056,0.4537532,0.46055895,0.47060192,3.7585897,4.4376388,5.002221,5.625484,6.321746,6.879681,7.6382236,5.9,7.0,6.74,7.16,7.33,7.7,7.51
Guinea,6.353953,10.653979,6.7964206,2.562345,1.7539153,1.107907,0.9246853,5.553327,5.0327454,4.575065,4.442321,4.4727087,4.3160152,4.1940055,,,6.56,5.84,3.95,4.73,5.33
Guinea-Bissau,1.5757768,2.5679386,1.7023154,1.5541317,1.4048967,1.2855693,0.9118404,5.6811223,6.1669655,6.464969,6.1598697,6.012467,5.649931,5.680392,2.87,3.27,4.29,5.07,4.85,5.36,5.36
Guyana,0.55091715,0.8343645,1.1530458,1.4565319,1.091763,1.1285676,3.9627035,31.389225,38.787968,48.499836,52.610313,58.608944,62.710102,55.738094,3.83,4.86,6.12,6.34,6.22,6.36,5.8
Haiti,0.27115986,0.23408844,0.20347829,0.1779172,0.17269525,0.16873388,0.16561233,7.455489,8.539651,9.478223,10.525977,11.289115,13.716391,15.519981,5.2,5.49,6.2,6.16,6.11,6.26,6.08
High-income countries,7.404488,8.251331,9.250412,10.483643,12.109621,13.078319,14.68792,3.3005884,3.3492815,3.460608,3.6008432,3.8753772,3.9071453,4.264153,,,,,,,
Honduras,5.457246,2.6176517,0.43289918,0.3745015,0.32808065,0.42061237,0.3957249,3.1557918,4.3190503,5.2034755,6.0180063,7.0634847,8.0090275,9.945643,5.78,6.15,6.56,6.91,7.06,7.13,6.9
Hong Kong,38.730717,40.166077,40.402504,40.197994,39.905552,39.536823,39.515762,9.586777,10.14486,10.382667,11.115551,12.374819,13.321598,13.442573,,,,,,,
Hungary,3.348805,3.1135802,2.9055011,3.6366162,4.398099,4.8630767,6.051199,3.7735176,3.9050052,4.1187677,4.625547,5.149385,6.145343,7.3953843,5.55,6.66,6.94,7.27,7.43,7.44,7.19
Iceland,3.757783,4.759609,5.6668296,8.642059,10.95423,11.831503,19.171867,6.899594,8.0085335,9.332868,9.719095,10.131047,11.205892,12.674286,7.1,7.81,8.13,8.23,6.86,7.54,7.88
India,0.869689,0.72124445,0.6068029,0.5173134,0.45160034,0.39772832,0.35352814,0.7579983,0.7421176,0.75035346,0.835522,1.0712278,1.2125045,1.2948866,5.0,5.53,6.14,6.28,5.95,6.3,6.62
Indonesia,0.256658,0.1924297,0.13819759,0.12784952,0.12714784,0.13086142,0.12997232,0.89423335,0.9836953,1.1418058,1.2290837,1.4125226,1.5732812,1.6822565,5.74,6.02,5.93,6.37,6.81,6.9,6.91
Iran,7.613783,4.7811537,3.7737591,3.6584291,3.6907592,3.4779744,3.330321,1.1198127,1.215343,1.266629,1.275046,1.3363034,1.4722697,1.5776478,,,,,,,
Iraq,0.48015073,0.9899083,0.895943,0.50093454,0.40503696,1.0102026,0.90935665,3.6909628,3.7351294,3.5255275,4.979515,8.590313,4.7104473,5.1662025,,,,3.59,4.63,5.0,5.39
Ireland,6.4929857,6.316276,9.266275,14.22398,16.040604,16.319593,17.644634,26.121675,24.039469,21.692741,18.592163,16.016977,15.833459,14.871352,7.16,7.95,8.18,8.28,7.96,8.41,7.92
Isle of Man,49.463665,51.136097,50.69013,51.654564,51.20086,50.747307,50.616238,15.272008,12.481111,9.587741,10.566301,10.645093,12.711457,14.149967,,,,,,,
Israel,36.7036,33.99848,31.135635,28.938076,26.627705,25.214363,22.570225,6.2860413,5.5083423,5.1103697,4.855049,4.5459805,4.1527376,4.144062,5.4,6.32,6.79,7.38,7.39,7.5,7.29
Italy,2.5035288,3.1044552,3.7424705,6.7857037,9.756208,9.583151,10.563686,5.8739448,5.610426,5.4107957,4.630113,4.3139033,4.3953905,5.3898983,6.84,6.93,7.65,7.59,7.42,7.66,7.23
Jamaica,0.846109,0.89643425,0.9399186,0.8862774,0.8424587,0.80127317,0.79796404,24.317112,28.352234,32.314976,33.0354,35.218025,35.68272,37.786903,5.91,6.69,7.35,7.2,7.01,7.56,7.29
Japan,0.8636721,1.0781195,1.3224505,1.5675336,1.6602707,1.7441001,2.1909184,0.4857651,0.5169869,0.5559205,0.55987513,0.5887492,0.5972631,0.63950634,7.76,7.7,8.17,8.11,7.94,8.01,7.89
Jordan,32.147644,33.496403,37.634884,38.135235,38.378258,34.17618,33.8885,8.7950325,7.3880515,7.189836,7.645085,8.291615,7.6277604,7.9868455,5.45,6.01,7.01,6.99,7.21,7.35,7.33
Kazakhstan,22.090004,20.530935,19.260519,20.145859,20.51982,20.180162,19.876078,18.137547,20.803602,23.819271,24.136185,23.366127,22.112303,22.388905,,,5.55,6.29,6.48,6.97,7.06
Kenya,1.2564567,2.2282426,2.2144902,2.1115527,2.2719712,2.3536446,1.9529879,1.0551591,0.9998705,0.9930812,0.9884833,1.0531163,1.0038924,0.9956017,5.06,5.63,6.09,6.78,6.69,6.66,6.73
Kiribati,2.9864354,2.8604147,2.704816,2.69392,2.7863595,2.6314604,2.617082,5.5985303,5.4634824,4.728393,4.35555,3.4635189,3.7204647,4.2722235,,,,,,,
Kuwait,51.275013,57.410175,55.138004,58.74074,62.663258,74.724815,72.82784,3.893526,6.040761,5.545632,5.682549,5.9432783,5.0848527,4.9705625,6.35,6.68,6.58,6.9,6.53,6.33,6.61
Kyrgyzstan,14.248785,11.351886,7.922106,6.0961237,4.2798276,3.4297311,3.0503552,11.950326,12.045782,11.508802,12.863217,13.39919,12.465603,11.869319,,,,,,,
Land-locked Developing Countries (LLDC),5.3461485,4.1413193,3.4448056,3.0895371,2.756891,2.9170384,2.8177636,9.436083,7.9929357,6.9275894,6.4822645,6.594593,6.613587,6.616938,,,,,,,
Laos,0.5369533,0.4854248,0.4122696,0.3541751,0.5273502,0.67552173,0.66979074,11.342286,11.302767,12.196157,15.595492,19.184345,19.10916,17.813772,,,,,,,
Latin America and the Caribbean,1.6114104,1.3791515,1.2532164,1.2886279,1.4080586,1.5132211,2.262305,3.448965,4.072249,4.7196217,5.2624493,5.8573623,5.802856,6.5585556,,,,,,,
Latvia,24.245443,21.450993,18.043243,16.728493,14.809225,13.2863455,12.693338,8.071844,9.127375,10.0094795,12.032969,13.128222,18.483387,20.146835,6.48,5.91,7.47,7.73,7.74,8.1,7.73
Least developed countries,2.1846244,2.0152054,1.5313003,1.3157936,1.246915,1.4280807,1.5305599,5.8907385,4.850479,4.269904,4.0244937,4.243016,4.4077463,4.50188,,,,,,,
Lebanon,18.68309,17.240297,18.031584,15.796569,16.014149,29.333424,25.093788,18.113314,15.0646515,14.543947,12.957798,14.12669,11.5906925,12.553239,,,4.24,5.61,6.77,6.71,5.21
Lesotho,0.48363703,0.3794379,0.3033739,0.3151121,0.32141113,0.44448525,0.56295896,11.229771,7.1944137,5.9309673,7.96903,12.183356,9.298493,9.436985,,,4.27,5.62,5.61,6.16,5.93
Less developed regions,1.6791868,1.4941835,1.3979151,1.4020774,1.5802175,1.7566731,1.8913558,2.2124748,2.2038188,2.2544003,2.3829303,2.6500752,2.848633,3.0380397,,,,,,,
"Less developed regions, excluding China",2.2636843,1.9735103,1.8112811,1.789772,2.0004985,2.2063897,2.355131,2.943044,2.8760302,2.8893085,2.9928932,3.2836719,3.4812386,3.693144,,,,,,,
"Less developed regions, excluding least developed countries",1.6095651,1.4185833,1.3775185,1.4160715,1.6372943,1.8163501,1.9611793,1.7058114,1.8197883,1.9461995,2.1166916,2.3772898,2.5654764,2.754748,,,,,,,
Liberia,4.574557,10.200391,5.331607,2.7101898,2.5483398,2.506826,1.7388813,24.898779,26.522541,8.720963,11.024842,5.6314287,4.600413,4.6180096,,,4.51,5.33,5.58,6.13,5.7
Libya,10.302225,10.265951,10.590655,10.785541,11.087914,12.014773,12.028852,1.718386,1.5639764,1.4933856,1.7288265,2.055596,2.3766985,2.6999018,,,,4.45,4.3,4.55,4.8
Liechtenstein,37.88121,43.099987,46.658028,54.432858,62.06801,63.52329,67.852745,11.896491,9.77205,8.100289,8.453829,9.9733305,9.438142,9.717597,,,,,,,
Lithuania,9.449532,7.543879,6.119951,6.0165496,5.1466393,4.639391,5.333155,9.225373,9.441024,9.9537325,12.330713,16.574104,18.973951,24.17291,6.17,6.0,7.16,7.75,7.65,8.03,7.78
Low-income countries,3.0301793,2.5645242,1.8226258,1.5621822,1.6529016,1.7110674,1.7828648,6.9687257,5.4050374,4.4809155,4.0212755,4.088133,5.2052636,5.4540534,,,,,,,
Lower-middle-income countries,1.8083782,1.4715002,1.3003669,1.1285793,1.0586252,1.003614,0.9651391,2.4180262,2.3390114,2.3314917,2.4741247,2.761582,2.9231486,3.0379617,,,,,,,
Luxembourg,29.806433,30.897352,32.04496,32.896942,32.12152,43.91565,47.615562,9.457803,9.279791,9.117508,11.533523,12.216818,12.239452,13.060724,8.02,8.01,8.23,7.88,7.84,8.12,7.8
Macao,59.638584,58.34477,56.289566,57.84415,59.17821,62.459785,62.138287,25.147171,23.370436,22.09518,22.406149,22.964613,22.138771,22.359867,,,,,,,
Madagascar,0.20620508,0.157153,0.14930736,0.14210828,0.13665608,0.13235493,0.12842792,0.512258,0.49960658,0.48893225,0.8115136,0.7603145,0.72570527,0.6988764,4.26,3.94,5.31,5.39,5.97,6.18,5.8
Malawi,11.991324,2.4544265,2.0865119,1.7555985,1.4974406,1.1784079,1.0003264,1.5251849,1.5320865,1.6704024,1.7584656,1.7918707,1.7764442,1.6259944,4.84,4.35,4.47,4.77,5.61,5.35,5.68
Malaysia,3.8598268,4.5752935,6.3101754,7.4677234,8.569883,10.837715,10.741396,3.1079228,4.2035565,5.178589,5.368906,5.6688156,5.8836513,5.746886,7.08,7.1,6.59,6.43,6.51,7.34,7.52
Maldives,3.8936365,7.2832723,9.696631,14.094004,14.945178,14.128605,12.96458,0.9822593,0.6637969,0.43522456,0.6921065,0.96874744,0.7926773,0.68727314,,,,,,,
Mali,1.9022204,1.8380268,1.7309268,2.0244203,2.2663965,2.4113166,2.3990567,7.6619234,8.5603285,7.060427,7.0084095,6.610464,7.0449,6.436826,5.58,5.58,5.63,5.45,5.74,5.75,5.8
Malta,4.1647215,4.7069063,5.467053,6.069308,7.9680004,12.14183,25.99091,30.58917,29.143284,26.640232,24.77271,23.96918,21.578148,23.280617,5.81,7.08,7.03,7.92,7.95,7.99,7.73
Marshall Islands,2.4500158,2.933365,3.7258148,4.3741064,5.48074,5.716872,5.571511,3.0170317,8.233242,13.744729,12.041913,11.518603,13.273797,18.390377,,,,,,,
Martinique,10.797668,12.637771,14.080038,14.359339,15.095042,18.276646,18.28681,3.0787513,3.390304,3.622331,3.6103537,3.7087057,3.3488955,3.4543588,,,,,,,
Mauritania,5.4882474,3.8710597,2.1810367,1.9248409,2.430313,4.1161513,3.9204156,6.6103764,6.5572286,4.091183,3.4093997,3.2680442,2.8329558,2.8007638,,,5.13,5.79,5.66,5.82,6.14
Mauritius,0.3421826,0.6638752,1.3114829,1.607761,1.990139,2.269629,2.2718785,10.484918,10.106797,10.041202,10.69132,11.874326,13.169882,14.387305,6.12,7.2,7.41,7.53,8.0,8.03,7.77
Mayotte,16.067905,21.362818,30.24925,35.47161,34.85933,33.90928,40.885147,1.936083,3.19598,4.1335454,3.6316066,3.0385787,2.7269583,2.4804537,,,,,,,
Melanesia,1.5268205,1.4488217,1.2749193,1.2618941,1.2047431,1.1790774,1.1154644,1.7494317,1.8449179,2.0120578,2.1503496,2.223329,2.2700574,2.3017282,,,,,,,
Mexico,0.82874435,0.5002537,0.54403627,0.67227644,0.84992975,0.8318608,0.9288749,5.23611,7.581308,9.669255,10.204981,10.881672,9.784512,8.675636,5.82,6.53,6.65,6.95,6.95,7.11,7.06
Micronesia,26.146452,26.089642,26.854712,25.76581,22.785456,21.69829,21.653152,5.149197,6.408599,8.051916,8.013711,7.7505064,8.022167,9.290488,,,,,,,
Micronesia (country),3.8264246,3.1078253,2.9011686,2.73708,2.7264955,2.5310876,2.4621592,8.009013,11.287487,15.74787,17.285532,18.854212,18.949177,21.687344,,,,,,,
Middle Africa,2.062173,3.178137,1.847031,1.7516131,1.8513619,2.2567043,2.150152,2.7129204,2.2173655,2.5379453,2.4342458,2.284983,2.4752982,2.4614599,,,,,,,
Middle-income countries,1.684273,1.4810283,1.376377,1.3103132,1.3168722,1.4131819,1.4639583,2.22867,2.2867904,2.3677547,2.5076566,2.7565749,2.840515,3.0234413,,,,,,,
Moldova,12.464878,8.46037,5.8969336,4.114206,3.1689954,2.6131592,2.5889678,14.332175,14.284424,14.342657,17.202335,20.249407,22.840244,28.742035,,,5.15,6.36,6.52,6.76,6.9
Monaco,69.17066,68.53015,67.770935,62.975002,59.344547,68.8784,67.78361,15.204022,15.567342,15.938784,56.447613,75.69434,77.716515,82.947716,,,,,,,
Mongolia,0.30758116,0.32306114,0.34228504,0.45427755,0.590536,0.6632131,0.65110123,1.1201669,1.2051259,1.2783759,1.6764374,2.110554,2.183974,2.5042918,,,6.1,6.8,6.93,7.17,7.02
Montenegro,,,,,12.576428,11.439221,11.304458,12.582682,23.313276,29.899538,24.012959,23.828129,21.377544,21.170681,,,6.57,5.98,6.83,7.0,7.37
Montserrat,18.961945,16.368805,24.588833,25.691862,26.373852,27.204994,27.585518,67.61492,117.64826,327.55328,326.51797,355.01532,405.47723,491.73834,,,,,,,
Morocco,0.22128424,0.18655822,0.18418631,0.18460338,0.22010374,0.26663122,0.27731362,7.046735,6.978981,7.213425,8.11233,8.844783,8.57317,8.8381815,5.34,5.8,5.88,6.04,6.33,6.47,6.44
Mozambique,0.94193614,1.0866951,1.1049166,1.3110908,1.3023825,1.1899785,1.0841315,17.111757,5.2487917,3.6383452,3.2348654,3.3903735,2.2074883,2.0481558,,,5.36,5.62,5.35,5.62,5.9
Myanmar,0.32307824,0.258904,0.20978518,0.1696121,0.15101334,0.13915716,0.14050044,1.6579288,2.076109,2.6205435,3.5476863,4.925362,5.3957005,6.8218436,3.11,3.6,4.11,3.85,4.05,5.07,5.53
Namibia,8.419365,7.0873156,7.5531197,5.538158,4.9000483,4.3897343,4.3051796,1.1219912,1.7335579,2.749831,3.3842778,4.7005563,2.1776311,1.8800306,5.11,5.51,5.98,6.17,6.1,6.25,6.12
Nauru,29.612877,24.515339,23.164005,22.87774,9.051853,17.669172,20.315674,14.927415,14.219837,15.413643,18.978474,21.280848,21.852709,22.650915,,,,,,,
Nepal,2.2743354,3.1990297,2.9986093,2.6441724,2.154091,1.8858796,1.6733611,3.956805,3.9674873,4.0825024,5.009338,6.340221,8.403343,8.922395,4.5,5.23,5.78,6.15,5.93,6.36,6.28
Netherlands,7.899954,8.70298,9.772188,10.607386,10.984344,11.785689,13.763352,4.787503,4.69914,4.69435,4.8301253,5.121331,5.1190686,5.663322,7.79,7.79,8.07,7.93,7.79,8.05,7.75
New Caledonia,22.117004,22.588156,22.852947,23.432907,24.122684,25.41153,25.619371,2.4352012,2.3797698,2.2742023,2.2073162,2.1208618,2.0600452,2.0452483,,,,,,,
New Zealand,15.24486,16.01705,17.590422,20.311495,21.68032,22.5318,28.653198,11.418393,11.345002,12.693056,13.433218,15.155765,15.993926,16.717546,8.28,8.64,8.81,8.68,8.51,8.83,8.49
Nicaragua,0.9924918,0.5721828,0.59947014,0.64204776,0.64121956,0.6469466,0.63652587,10.578528,9.408718,9.8932,10.214441,10.47742,10.534347,10.84079,3.07,6.06,6.73,6.94,6.93,6.87,6.5
Niger,1.4385184,1.5384041,1.0789335,0.9138628,0.7682326,1.2648848,1.4378537,1.86601,1.8657703,1.8111892,2.23191,2.0401876,1.8748091,1.651229,4.81,4.46,5.17,5.1,5.54,5.65,5.87
Nigeria,0.47958118,0.42890793,0.39897498,0.69831413,0.6249047,0.6619918,0.63479704,0.46921697,0.485913,0.49894568,0.5886234,0.6289551,0.7212898,0.8103514,3.46,3.32,4.82,5.74,5.71,6.3,6.24
Niue,19.768438,22.211939,26.182966,30.924171,36.313194,36.52174,36.341164,251.20068,257.7973,302.26077,313.44788,329.65475,332.17392,320.51917,,,,,,,
North Korea,0.16805255,0.16074704,0.157804,0.16774063,0.17927527,0.1924171,0.19220822,0.19407131,0.246072,0.3155382,0.3629618,0.39292693,0.41255835,0.42816943,,,,,,,
North Macedonia,4.766113,5.513299,6.1757216,6.1965847,6.263519,6.287106,6.302787,21.64443,24.80725,26.151268,22.269886,25.408875,27.092989,33.306263,,,6.33,6.83,6.98,7.18,7.01
Northern Africa,1.7197952,1.330031,1.1092788,0.9385828,0.9618791,0.9554644,1.2865587,3.783079,3.739312,3.760146,4.273343,4.5585475,4.8756676,4.988222,,,,,,,
Northern Africa and Western Asia,6.112873,5.851901,5.7101555,5.909862,7.496767,8.729875,9.463901,5.681175,5.5911694,5.4616623,5.578724,5.8143415,6.7714834,7.1431856,,,,,,,
Northern America,9.868428,11.322991,12.915573,13.860333,14.847769,15.582326,15.915865,1.0015306,1.000552,1.0082103,1.0730962,1.1564078,1.1244538,1.1733028,,,,,,,
Northern Europe,7.220637,7.721695,8.36487,9.95647,11.250128,12.742677,14.091551,6.7660832,6.6564326,6.799632,7.0400577,7.1503,7.0664806,7.420182,,,,,,,
Northern Mariana Islands,58.124233,70.579,69.83447,66.39079,44.779602,38.810307,37.950207,5.501399,5.7704043,4.8126297,4.8190002,4.8377833,4.673802,4.7622356,,,,,,,
Norway,4.534354,5.342391,6.4995694,7.7961144,10.737087,14.353843,15.720346,3.2559378,3.4586933,3.6412613,3.7575457,3.6834936,3.5689263,3.5304086,7.64,7.86,7.92,7.94,7.74,7.45,7.71
Oceania,17.333935,17.089453,17.061787,17.880627,19.332804,20.252235,21.980165,3.5223188,3.6451464,3.9676452,4.130036,4.3152575,4.3940783,4.616462,,,,,,,
Oceania (excluding Australia and New Zealand),3.7273922,3.6337001,3.4592388,3.2639575,2.881385,2.6769705,2.5338032,3.9268038,4.054351,4.3754034,4.342195,4.2702866,4.377958,4.575064,,,,,,,
Oman,16.77558,24.481745,27.496271,26.527145,26.837135,43.49842,46.465862,0.6900061,0.62805456,0.688853,0.7495857,0.6823095,0.5342203,0.49149907,6.29,6.46,6.75,6.72,6.58,6.49,6.52
Pakistan,5.767138,2.9644547,2.9378998,1.9803361,2.1979594,1.7582979,1.483338,3.1037161,2.6985316,2.393107,2.356666,2.66997,2.9074354,2.8649251,4.89,5.17,5.05,5.63,5.68,5.8,5.83
Palau,18.595234,27.678051,33.02973,30.544886,30.578144,27.94792,28.122927,19.630884,16.575357,20.927555,19.116457,14.587278,14.486272,14.680523,,,,,,,
Palestine,13.7206545,10.759924,8.536018,7.672537,6.752092,6.0312066,5.3472214,86.25841,86.860435,85.83509,91.060425,87.28375,83.32644,78.85636,,,,,,,
Panama,2.5392704,2.5860078,2.7525027,3.286898,4.3316326,4.654415,7.25798,5.4388885,4.8538017,4.5186124,3.9461935,3.83903,3.7850668,3.2335458,6.98,7.49,7.62,7.7,7.51,7.76,7.48
Papua New Guinea,0.7303108,0.64633876,0.44982633,0.46145424,0.41618153,0.38160914,0.34724385,0.06731165,0.078252375,0.07784404,0.06917734,0.057875562,0.061422545,0.05376087,6.02,6.11,5.57,6.2,6.34,6.04,6.1
Paraguay,4.63805,3.9057217,3.3177023,2.8887405,2.565598,2.3391829,2.3773751,7.0497956,7.030697,7.0385265,9.369661,12.256865,12.641995,12.568949,5.18,6.67,6.67,6.87,6.98,7.03,7.01
Peru,0.25683877,0.23347302,0.25056744,0.2794682,0.3607109,0.50794303,3.7138321,1.4190695,2.0802112,2.6233768,3.4773455,4.475366,4.6280437,4.6088862,4.15,5.95,7.4,7.55,7.62,7.66,7.53
Philippines,0.2489225,0.2971236,0.4078572,0.29824996,0.22199227,0.20747757,0.20580651,3.251464,3.5566318,3.9269085,4.268143,4.9939938,5.3844476,5.561459,5.74,6.81,6.89,6.85,7.07,7.33,6.96
Poland,2.9709306,2.5084739,2.140357,1.8830562,1.6760256,1.6087022,2.1593852,4.408371,4.61736,5.310688,7.518205,9.695692,10.719436,12.749085,4.51,5.9,6.51,6.85,6.93,7.41,7.03
Polynesia,10.638812,11.151541,11.543198,11.421458,11.074926,10.494682,10.257131,26.649307,27.526558,30.1386,29.446392,30.236387,33.507694,37.76986,,,,,,,
Portugal,4.4039035,5.280002,6.3267417,7.338673,7.1991415,8.340906,9.826339,18.916637,19.03482,19.362633,16.586668,18.18976,19.0161,20.412659,6.35,7.11,7.65,7.4,7.33,7.79,7.53
Puerto Rico,9.459098,9.475793,9.676815,9.695902,8.519063,8.294929,8.638442,35.268463,39.398563,43.61073,45.15603,48.376938,50.74112,64.684814,,,,,,,
Qatar,65.03658,70.440186,60.711735,74.649704,78.45662,65.77678,77.2699,2.5562963,2.590725,2.4777753,1.9795243,1.1137035,0.9188107,0.8922063,,,6.52,6.31,6.87,6.91,6.84
Reunion,9.369719,11.45569,13.665819,14.537177,14.813723,14.734195,14.717729,0.50558156,0.38943318,0.3203414,0.32289115,0.33100262,0.33670813,0.3422286,,,,,,,
Romania,0.5782456,0.58801866,0.60645723,0.6777796,0.8656321,1.4105166,3.666294,3.4562886,4.25318,5.144343,9.832739,16.429192,17.167793,20.725433,4.47,4.56,5.38,7.2,7.42,7.87,7.61
Russia,7.8118525,8.047717,8.128346,8.120982,7.8023186,8.030673,7.9740667,8.5766945,7.8176866,7.2844315,7.171153,7.052364,7.0214124,7.3709097,,,,,,,
Rwanda,2.195453,3.696314,4.374712,4.787064,4.252282,4.5267305,3.967717,7.514416,35.301403,4.01072,3.2702806,3.329343,4.430153,3.8023553,4.9,4.06,5.37,5.85,6.73,6.85,6.57
Saint Helena,2.6750827,1.8737988,1.7839445,3.0444527,4.7848735,6.4235816,7.198155,13.285242,35.345932,61.364388,61.038475,69.592896,73.010735,80.4645,,,,,,,
Saint Kitts and Nevis,7.9731746,10.095777,13.318059,14.261931,14.782395,14.535974,14.522861,46.24441,58.611595,70.02019,71.11116,73.03462,78.530975,94.53489,,,,,,,
Saint Lucia,3.8436737,4.871622,6.297811,6.021125,5.198401,4.841708,4.540677,15.93911,20.883633,25.23718,28.69933,28.903109,32.344486,38.788536,,,,,,,
Saint Pierre and Miquelon,17.212215,20.660511,23.150206,18.76329,15.988052,16.455275,17.221743,7.5646043,7.465957,7.6849794,6.9687552,6.1311116,6.675567,7.4719586,,,,,,,
Saint Vincent and the Grenadines,3.693401,3.82718,3.9958436,4.0840755,4.2203956,4.248866,4.2705073,34.43143,42.269283,49.67482,51.19917,51.20543,57.07793,50.04642,,,,,,,
Samoa,2.0620773,2.7603645,3.4381557,3.19716,2.754593,2.1988528,2.0266116,45.984264,48.192883,54.192513,55.21305,56.37181,60.387062,68.40986,,,,,,,
San Marino,13.720776,14.11379,14.730517,14.384122,15.630506,15.614668,16.332724,5.8572373,9.473481,12.723963,9.913382,7.257935,11.085061,7.0923448,,,,,,,
Sao Tome and Principe,4.6824536,3.7485096,3.0682392,2.1800702,1.4969064,1.200367,0.9759948,11.714523,14.627237,17.674885,18.961466,17.146786,17.630453,18.07256,,,,,,,
Saudi Arabia,30.790384,27.48409,25.471485,27.300013,30.742176,33.960136,38.647938,0.6593964,0.7023579,0.7433952,0.7505151,0.7852898,0.8919506,0.85962296,,,7.35,6.99,6.76,6.29,6.85
Senegal,3.5928648,3.3101137,2.3668847,2.1487408,2.0199487,1.8280133,1.6419622,4.9193187,4.1318135,4.0275445,4.242586,4.3184166,4.077985,4.143382,5.4,5.24,5.85,5.75,5.72,6.09,6.08
Serbia,1.042996,8.811891,10.30684,9.298074,9.189759,9.096106,9.419436,7.8017673,9.248266,11.930493,10.448553,10.410123,9.315216,11.490437,,,,5.54,6.38,6.92,6.82
Seychelles,5.2726293,6.7159796,8.11625,10.148671,12.511915,13.466904,13.270287,50.4917,36.264725,23.758612,26.49348,28.411469,28.93526,29.751883,,,6.13,7.31,7.03,7.24,6.75
Sierra Leone,5.1425967,2.2889655,2.137038,2.5900922,1.2354971,0.8202837,0.67376333,1.4318609,10.637361,11.104597,2.690329,1.9753302,1.9422443,1.9115744,2.99,3.87,4.61,5.15,6.05,5.82,5.8
Singapore,24.137728,28.119743,33.55011,40.101196,42.18909,44.408825,43.136753,5.192355,4.7674904,4.7886853,5.525081,5.5040274,5.8052697,5.9563007,8.75,8.73,8.7,8.78,8.69,8.81,8.5
Sint Maarten (Dutch part),,,,39.17634,76.69321,68.293846,67.26598,2.4536684,2.9328713,3.6420588,3.7265222,9.667505,4.826482,5.1093698,,,,,,,
Slovakia,0.7808519,1.2896174,2.1554277,2.4169645,2.7074587,3.2677817,3.6112435,2.5144773,3.5645254,4.658703,5.0348196,4.8231287,6.390907,7.686418,,,,,,,
Slovenia,8.875431,8.759817,10.791715,10.888235,12.420179,11.472388,13.370519,4.557756,5.454753,5.9696336,5.9849753,6.017023,6.5922203,7.7057357,,5.85,6.67,7.09,7.12,7.38,7.06
Small island developing States (SIDS),4.6466265,5.130889,5.7091446,6.4229054,7.223927,7.6645403,7.8830957,10.955216,12.223423,13.53629,13.936186,14.417552,15.211696,16.048592,,,,,,,
Solomon Islands,1.3550562,1.1628942,0.96470505,0.6960789,0.52286494,0.42859536,0.36687738,0.7092722,0.707534,0.6610689,0.63819647,0.6386151,0.64430237,0.6216533,,,,,,,
Somalia,6.6199045,0.2606503,0.22651526,0.19879666,0.3994226,0.2970892,0.36864778,11.737641,12.933818,11.340167,10.155715,13.245957,14.557224,12.799301,,,,,,,5.97
South Africa,3.162682,2.422562,2.2615404,2.8216672,4.129102,5.83488,4.8230624,0.83727103,0.9315335,1.115467,1.2568829,1.4522667,1.420122,1.5426086,5.47,6.64,6.92,6.88,6.74,6.63,6.47
South America,1.4471914,1.3158683,1.209858,1.2184736,1.3340342,1.4744804,2.527505,1.4592466,1.658501,1.8465244,2.3810582,2.8429184,2.8565803,4.0887604,,,,,,,
South Korea,0.1007656,0.2735242,0.5154663,0.9980582,1.8568476,2.697406,3.3708007,3.5256708,3.740653,3.9582908,4.0543523,4.5459523,4.235343,4.299959,,,,,,,
South Sudan,,,,,2.4266193,7.8773704,7.881663,9.375179,8.55875,5.5267963,3.0326312,4.2343316,9.898395,23.011724,,,,,,,
South-Eastern Asia,0.6472098,0.76186895,0.9739297,1.2029582,1.4570695,1.6019322,1.5876551,1.7381366,1.996117,2.302473,2.5905466,3.0344243,3.277263,3.5267775,,,,,,,
Southern Africa,3.318398,2.537485,2.4642296,2.8963864,4.0294714,5.5217924,4.629486,1.3717055,1.2763482,1.4235166,1.6554475,2.0550597,1.7939992,1.8938754,,,,,,,
Southern Asia,1.6420349,1.1596875,1.0264353,0.8572619,0.84154034,0.75900614,0.714479,2.1333685,1.7316399,1.6775959,1.663628,1.9765837,2.1365623,2.2363803,,,,,,,
Southern Europe,3.0246112,4.3165016,5.3033013,8.019997,10.591261,10.332519,11.605728,7.4024687,8.237893,8.734299,7.7067833,7.664664,7.8693776,9.208743,,,,,,,
Spain,2.095796,2.5637932,4.059511,9.33055,13.381476,12.622597,14.634229,3.6706922,3.424221,3.1613522,2.531775,2.316317,2.7195861,3.1864612,6.8,7.31,7.94,7.86,7.67,7.81,7.52
Sri Lanka,0.23987968,0.22387318,0.21372266,0.20223087,0.19227867,0.18990795,0.1879864,5.100403,5.0624027,5.214153,5.891807,7.1775284,7.9216146,9.153328,5.71,6.29,6.54,6.13,6.19,6.56,6.28
Sub-Saharan Africa,2.7081552,2.5457327,2.0559673,1.9583011,1.8956629,2.1617324,2.0305407,3.1256943,2.9404714,2.4447331,2.3673022,2.384456,2.5242841,2.5845602,,,,,,,
Sudan,6.963095,4.371892,2.951734,1.7655172,1.7910225,1.5950539,3.1451995,2.9032502,3.218026,3.247147,4.1281166,3.5756042,4.736407,4.800278,,,4.3,4.45,4.37,4.31,3.84
Suriname,4.463076,5.0514765,5.8406096,6.7396655,7.505396,7.7131505,8.148352,43.89699,43.348324,44.850132,49.810097,48.894783,45.536686,46.57231,,,,5.58,6.38,6.31,5.58
Sweden,9.206635,10.5927725,11.301942,12.455321,14.240593,16.410961,19.842108,2.4037936,2.5536923,2.889218,2.9645321,3.1086168,3.0968723,3.2436109,7.44,7.55,8.08,7.88,7.9,8.03,7.69
Switzerland,20.92753,21.139662,21.987793,24.441336,26.575344,27.217756,28.785198,4.8938255,4.849519,5.1855297,6.7998023,7.996044,7.772357,8.245575,8.59,8.46,8.93,8.52,8.58,8.5,8.41
Syria,5.73783,5.7900424,5.0875864,4.805781,8.349171,4.6435347,4.9638767,4.9837427,4.6096573,4.3085527,4.4297867,4.9494205,35.826504,48.325127,,,,,,,
Tajikistan,8.117248,6.0426493,4.8179398,4.130989,3.7171946,3.2540855,2.8941221,10.176348,9.634773,8.70583,8.634667,7.7669215,6.920496,6.152999,,,6.45,5.99,5.54,5.87,6.23
Tanzania,2.2775292,3.7304401,2.8346965,2.0055826,0.698695,0.7469839,0.7131876,0.8056032,0.772876,0.64318,0.61096495,0.59118944,0.57126445,0.54886967,4.01,5.65,6.14,6.13,6.47,6.57,6.46
Thailand,0.93477696,1.3616229,1.9980433,3.356371,4.8134227,5.050199,5.2041507,0.54266936,0.6926129,0.8435357,0.9656295,1.1448123,1.3413323,1.5572857,6.51,7.41,6.72,6.81,6.67,6.83,7.06
Togo,2.247934,2.4035957,2.8017187,3.6392016,3.9797099,3.7877626,3.3813853,5.1354284,7.3259473,5.4253044,7.231447,6.496406,6.764564,6.58807,5.8,5.09,5.42,5.61,5.3,5.88,6.22
Tokelau,22.44389,33.57664,45.935482,82.68755,99.91142,95.02807,91.703705,104.98753,120.10617,132.96774,172.30008,192.02835,174.09784,156.44444,,,,,,,
Tonga,3.0619864,3.4114118,3.7606418,4.262298,4.4306173,3.9233975,3.5403087,34.359253,39.81161,47.41022,47.90205,49.548473,58.744793,70.53181,,,,,,,
Trinidad and Tobago,4.1491385,3.6671982,3.2950087,3.4563906,3.631082,3.6502833,5.63412,16.16875,20.02408,24.290163,24.906036,26.391489,26.901,23.617086,5.52,6.81,7.09,6.95,6.68,6.83,6.98
Tunisia,0.46083057,0.41496262,0.37822092,0.34669802,0.4059333,0.50565517,0.50890046,5.6481466,5.2264338,5.015931,5.7289176,5.789542,6.9264703,7.6342936,5.7,5.86,6.37,6.33,5.97,6.11,5.91
Turkey,2.158101,2.0794098,2.0255518,1.949986,1.8993586,5.534483,7.17657,4.6603527,4.739099,4.502412,3.795543,3.7453928,3.9138634,4.0448728,,,,,,,
Turkmenistan,8.319811,6.501315,4.8507705,4.480938,3.8917003,3.5285897,3.231868,7.057724,5.7873626,4.968814,4.878149,4.612252,4.286053,4.0216627,,,,,,,
Turks and Caicos Islands,41.782913,43.394367,44.692875,46.53845,52.716026,63.156284,66.501366,19.050764,9.450711,3.6686332,4.2227035,6.727295,6.8206453,6.9450903,,,,,,,
Tuvalu,3.5690236,2.8285654,2.3211243,2.0906272,2.0910559,2.0722587,2.0267978,26.37486,29.447191,27.800255,29.178755,28.618954,28.858456,31.122795,,,,,,,
Uganda,3.1362257,2.9735086,2.470512,2.1430984,1.5200676,2.2267234,3.7609868,1.7954588,1.7732142,2.189313,2.1188755,2.2565815,2.056821,1.7084017,2.97,5.09,6.44,6.52,6.91,6.88,6.81
Ukraine,13.393908,12.1255,11.317172,10.770353,10.523144,10.941591,11.426841,10.775715,11.013196,11.459337,11.870954,11.857674,12.905919,14.03754,,3.47,4.48,5.27,5.47,5.25,6.19
United Arab Emirates,71.45852,75.52974,78.07778,71.51169,85.575424,86.31346,88.12922,4.3479214,4.0548234,3.5443404,2.7378361,1.8199887,1.925143,2.054659,6.42,6.85,6.53,6.77,7.04,6.94,7.31
United Kingdom,6.3889484,7.172652,8.027664,9.829752,11.219172,12.764921,13.787211,6.632287,6.40168,6.5508986,6.875679,6.985411,6.649493,6.97126,8.11,8.06,8.56,8.31,8.08,8.26,7.76
United States,9.222195,10.729617,12.358077,13.308188,14.298383,15.014688,15.296807,0.68467826,0.6891708,0.7026093,0.7786609,0.8642566,0.8469756,0.9051961,8.45,8.64,8.78,8.54,8.22,8.4,8.11
United States Virgin Islands,50.089153,50.50937,52.065666,52.54775,53.43212,54.045734,54.349136,2.225435,2.8215444,3.5077715,3.3747368,3.4981053,3.7665555,3.7424707,,,,,,,
Upper-middle-income countries,1.5857747,1.488929,1.4423989,1.4753116,1.5611327,1.8139467,1.9698049,2.0783837,2.2434886,2.3992522,2.5381007,2.751839,2.759657,3.008716,,,,,,,
Uruguay,3.1552632,2.8976436,2.6771421,2.4780848,2.271414,2.3094578,3.1167388,7.637193,7.2572284,7.0981894,9.000725,10.074739,10.352393,10.566749,6.43,6.33,7.14,7.24,7.35,7.15,6.95
Uzbekistan,8.103598,6.6367197,5.678242,5.032325,4.2788363,3.785612,3.4718697,7.000469,6.6505585,6.362406,6.5469885,6.6241693,6.3887887,6.0587735,,,,,,,
Vanuatu,1.5746205,1.4634784,1.4197358,1.3379077,1.266214,1.1750908,1.0603939,3.3218489,3.3366833,3.3747106,3.4709148,3.2563417,2.4899678,2.359108,,,,,,,
Vatican,100.0,100.0,100.0,100.0,100.0,100.0,100.0,1.312336,3.3419023,5.189873,13.784462,22.349936,39.240505,21.508034,,,,,,,
Venezuela,5.220937,4.650914,4.1903076,4.072548,4.737517,4.668759,4.656758,0.9448132,1.1028363,1.3134388,1.6536003,1.9709183,2.3573701,19.043985,,,,,,,
Vietnam,0.04135678,0.06843103,0.07102203,0.06175159,0.07020307,0.078544766,0.07886595,2.214463,2.4593627,2.7011898,2.8344858,2.9905787,3.1393857,3.484769,,,5.4,5.59,5.53,5.78,6.16
Wallis and Futuna,10.163839,12.044956,13.710281,14.668273,16.64039,16.718317,18.139784,47.005947,49.07754,50.357216,49.782417,58.844395,91.55929,105.96656,,,,,,,
Western Africa,2.4763827,2.6416194,2.2411766,2.223653,2.0588942,2.0093215,1.8792797,2.7978334,3.0590138,2.7205057,2.7813423,2.6742983,2.6799848,2.627313,,,,,,,
Western Asia,10.252086,10.098206,9.981072,10.418195,13.202621,15.484522,16.66441,7.4695854,7.3301735,7.0411506,6.7625422,6.910822,8.418627,9.040726,,,,,,,
Western Europe,9.473481,10.3975315,11.429487,11.974103,12.7655,13.493314,16.942003,3.475893,3.5407991,3.7475536,4.0186944,4.3727293,4.370338,4.678864,,,,,,,
Western Sahara,1.2372386,1.1692452,1.0470654,0.8893389,0.93551934,0.98420596,0.90804076,77.436966,65.38463,52.86582,30.00759,35.437504,35.325184,32.63389,,,,,,,
World,2.8717763,2.807869,2.8197405,2.9264681,3.1764956,3.3599656,3.599812,2.8717763,2.807869,2.8197405,2.9264681,3.1764956,3.3599656,3.5998123,,,,,,,
Yemen,1.0150566,0.91539013,0.83255446,0.8547642,1.2455013,1.4336317,1.2979059,3.8897736,3.2605028,3.0409205,3.1275475,3.7848783,4.1333117,4.3625274,,,,,,,
Zambia,3.4772708,2.6860342,3.2997785,2.133011,1.1021767,0.83194107,1.0223861,1.0601294,1.548874,1.5380366,1.5308305,1.3432764,1.1610725,1.0917128,2.88,4.31,5.91,6.09,6.51,6.24,5.89
Zimbabwe,6.0831685,3.7791302,3.4516654,3.3305962,3.1368368,2.8989677,2.799859,1.9589243,2.5238984,2.962467,4.1466055,5.9431343,8.448022,8.365203,4.55,5.48,4.24,3.16,4.41,5.5,3.94
